{
  "groceries": [{
    "id": 1001,
    "name": "Britannia NutriChoice 5 Grain Digestive Multigrain Biscuits Digestive",
    "description": "The Britannia NutriChoice 5 Grain Digestive are multigrain high fibre healthy biscuits, that include Oats, Ragi, Wheat, Corn and Rice. This healthy snack is fibre rich and has the goodness of honey.",
    "price": 80,
    "seller": "Britannia",
    "image": "https://m.media-amazon.com/images/I/710Ao-HNc7L._SL1500_.jpg"
  }, {
    "id": 1002,
    "name": "Fortune Xpert Pro Sugar Conscious Blended Oil Pouch",
    "description": "Fortune Xpert Pro Sugar Conscious Blended Oil Pouch",
    "price": 182,
    "seller": "Fortune",
    "image": "https://m.media-amazon.com/images/I/61jiTQtey3S._SL1000_.jpg"
  }, {
    "id": 1003,
    "name": "Kwality Corn Flakes Pouch",
    "description": "Kwality Corn Flakes Pouch",
    "price": 147,
    "seller": "Kwality",
    "image": "https://m.media-amazon.com/images/I/519-RbjldGL._SL1280_.jpg"
  }, {
    "id": 1004,
    "name": "Bingo Chilli Sprinkled Chips",
    "description": "Whoever looked at the potato in the ground and decided to eat it, was a true visionary. Because if it wasnt for him/ her, centuries later we wouldnt have had the brilliant idea of making crispy potato chips! Tear open a pack of Bingo! Original Style Chilli Sprinkled and enjoy some yummy, masala chips.",
    "price": 30,
    "seller": "Bingo",
    "image": "https://m.media-amazon.com/images/I/81tzFgAzZBL._SL1500_.jpg"
  }, {
    "id": 1005,
    "name": "HEAD & SHOULDERS Smooth and Silky, Anti Dandruff Shampoo",
    "description": "Go from dry and frizzy hair to smooth and silky hair in just one wash. Head & Shoulders Smooth & Silky Anti-Dandruff Shampoo is formulated with added moisturizers to cleanse and restore dry, frizzy hair and leave you with dandruff free hair.",
    "price": 464,
    "seller": "HEAD & SHOULDERS",
    "image": "https://m.media-amazon.com/images/I/61cktkNgAgL._SL1500_.jpg"
  }, {
    "id": 1007,
    "name": "Cadbury Celebration Premium Selection, Assorted Chocolates Bars",
    "description": "Discover your favorite chocolate in an attractive gift pack. The perfect treat you require this Diwali for your family and friends to make them feel special. Take time to slow down and feel yourself melt with each bite of delicious Cadbury Dairy Milk chocolate.",
    "price": 210,
    "seller": "Cadbury",
    "image": "https://m.media-amazon.com/images/I/71Ye-tdw68L._SL1500_.jpg"
  }, {
    "id": 1008,
    "name": "Amulya Dairy Whitener Milk Powder",
    "description": "Amulya Dairy Whitener Milk Powder",
    "price": 402,
    "seller": "Amulya",
    "image": "https://m.media-amazon.com/images/I/41cwLo4HE1L.jpg"
  }],
  "cart": [{
    "id": 1002,
    "name": "Fortune Xpert Pro Sugar Conscious Blended Oil Pouch",
    "description": "Fortune Xpert Pro Sugar Conscious Blended Oil Pouch",
    "price": 182,
    "seller": "Fortune",
    "image": "https://m.media-amazon.com/images/I/61jiTQtey3S._SL1000_.jpg",
    "quantity": 2
  }, {
    "id": 1003,
    "name": "Kwality Corn Flakes Pouch",
    "description": "Kwality Corn Flakes Pouch",
    "price": 147,
    "seller": "Kwality",
    "image": "https://m.media-amazon.com/images/I/519-RbjldGL._SL1280_.jpg",
    "quantity": 2
  }],
  "wishList": [{
    "id": 1002,
    "name": "Fortune Xpert Pro Sugar Conscious Blended Oil Pouch",
    "description": "Fortune Xpert Pro Sugar Conscious Blended Oil Pouch",
    "price": 182,
    "seller": "Fortune",
    "image": "https://m.media-amazon.com/images/I/61jiTQtey3S._SL1000_.jpg",
    "quantity": 2
  }, {
    "id": 1003,
    "name": "Kwality Corn Flakes Pouch",
    "description": "Kwality Corn Flakes Pouch",
    "price": 147,
    "seller": "Kwality",
    "image": "https://m.media-amazon.com/images/I/519-RbjldGL._SL1280_.jpg",
    "quantity": 2
  }],
  "categories": [{
    "id": 1001,
    "name": "Snacks & Candies"
  }, {
    "id": 1002,
    "name": "Vegetables & Fruits"
  },{
    "id": 1003,
    "name": "Rice and flour"
  },{
    "id": 1004,
    "name": "Beverages"
  },{
    "id": 1005,
    "name": "Diary"
  },{
    "id": 1006,
    "name": "Home decorations"
  },{
    "id": 1007,
    "name": "Instant Products"
  }]
}
